State,District,"Dealer Name","Dealer Address","Contact Person","Mobile Number","Email ID"
"Andhra Pradesh",Guntur,"Airavath interiors","opp .ST.Anns college for women,Amaravathi Road,Gorantla,Guntur-522034",Pavan,9010100212,airavatinteriors22@gmail.com
"Andhra Pradesh","West Godavari","Sree Gruha Innovations"," D.no. 2-42-50/1.Ground floor,Opp Raithu Bazzar,ILTDjunction,Rajahmundry,Eastgodavari,Andhrapradesh .pincode-533101","E. V. S.Anjaneyulu.",9440219449,sreegruha2017@gmail.com
TELANGANA,Hyderabad,"Hari Hara Enterprises","The pinnacle Building, 3rd floor above Co Canada Kitchens, oppo. Euro School, Gachibowli- HYD- 500032, Telangana","Narender ",9059048480,Harihara.enterprises2020@Gmail.com
Chhattisgarh,Raipur,"GULATI MINERALS","207,208, National Corporate park, GE Road, Near Anupam Garden, Raipur, CG, 492001.",,9589900456,gulatiminerals@gmail.com
Chhattisgarh,Bhilai,"AP Commodity space Pvt Ltd","52, Nehru Nagar Main Rd, Nehru Nagar East, old, Bhilai, Chhattisgarh, 490020","Arijit Sengupta",7999934587,
Haryana,Bhiwani,"Balaji Building Home Solutions","Bawri Gate, Circular Road, Bhiwani - 127021","Ramesh Kumar",8950084858,bhbsbhiwani@gmail.com
Kerala,Thiruvananthapuram,"TATA Pravesh Steel Doors (DOORS &amp; MORE)","ST. MARY'S MALANKARA BUILDING, PALAYAM, THIRUVANANTHAPURAM - 695034","Renjith K M",8893620986,doorsandmoretrivandrum@gmail.com
"Andhra Pradesh",Guntur,"Bhavani Steels","SRI BHAVANI STEEL CORPORATION DACHEPALLI GUNTUR DT. 522414","Bhavani krishna",9490640027,
"Andhra Pradesh",Guntur,"Elegant MKT Private Limited","Plot No. 142, Industrial Estate, APIIC, Auto Nagar, Mangalagiri, Guntur Dist., Andhra Pradesh - 522503.","Mr. Kiran",9959888684,kiran@elegantproducts.net
"Andhra Pradesh",Krishna,"Vijaya saradhi Steels","Plot no 41,Iron complex,Bhavani puram  vijayawada -12 Ajith Singh Nagar, Paipula Road Center, Vijayawada Dist., Andhrapradesh","Srikanth Rao",9515711814/9849082750,Vijayasaradhisteels@gmail.com
"Andhra Pradesh",krishna,"More Traders ","GROUND FLOOR, 10/32 , GOWRISANKARA PURAM , GUDIVADA, Krishna Dist , 521301","Srivasa ",9849085005,moretradersgdv@gmail.com
"Andhra Pradesh",Prakasham,Akruthi,"RATNA COMPLEX, SHOP NO 2, , SOUTH BYPASS ROAD, ONGOLE, Prakasam, Andhra Pradesh, 523001.",Srikanth,8309465445,akrutiinteriors79@gmail.com
"Andhra Pradesh",Prakasham,"USHA Enterprises "," Bhavani center Addanki, Prakasam Dist., AP -523201. ",Keerthi,"77889 9115",usha6663@gmail.com
"Andhra Pradesh",Narspuram,"Sri Guru Enterprises ","22/10/29 UpStairs thatavarthi vari street, bhimavaram, A.P, West Godavari-534201. ","Appa Rao",9052542367,apparao.sriguruenterprises@gmail.com
Rajasthan,Jaipur,"Tirupati Vinyl India Pvt. Ltd.","S-3, Usha Plaza, 3rd Floor, Opposite All India Radio, M.I Road, Jaipur - 302001",,,
"Andhra Pradesh",Nellore,"Apex products","Pardhasaradhinagar  plot no 2 Muthukur Road, near narayana hospital,  Nellore, Sripottisriramulu  Dist., Andhra Pradesh - 524004.","Mr. Kiran",9959888684,apexproducts07@gmail.com
"Andhra Pradesh",Ananthapur,"Jonna Iron Mart","Plot No: 108, Jonna Veeraiah Colony , Kalyanadurgam Road, Anantapur-515001","Mr. Suresh","9849589165, 9963315599",jonnaatp1234@gmail.con
"Andhra Pradesh",Ananthapur,"Sri Lakshmi Ranga Sanitary","15-55,Gandhi chuik ,guntakal-515801",Mr.Bhaskar,9849699992,bhaskararangaiah1@gmail.com
"Andhra Pradesh",Ananthapur,"Heshritha enterprises","Paragi Road OPP KANCHI kamakshi kalyana mandapam Hindupur Anantha pur","MR  Swamy ",7989768388,swamyatp230@gmail.com
"Andhra Pradesh",Ananthapur,"Vinayaka Traders","4/189-1, Shiva Nagar,Dharmavaram,Ananatapur(Dt),AP-515671","Mr.Bukkachirla Narasimha Reddy","8309499946, 9866069874",bnrdmm78@gmail.com
"Andhra Pradesh",Tirupathi,"SLV Timber Importers","887,Srinivasapuram,Renigunta Road,Tirupathi-517501","Mr. Karthik Penumadu",9959967773,karthik.penumadu@gmail.com
"Andhra Pradesh",Chittoor,"SLV Consupps","20-65 Naidu Buildings   OPP BSNL office Near R&amp;B buildings  chitoor Andhrapradesh 517001","Surya narayana",7348802204,slvtimberchitoor@gmail.com
"Andhra Pradesh",produtur,"RK Door Plaza ","1/427-7, Jammalamadugu Road, Bollavaram,Opp. Sri Venkateswara Swamy Temple Road,Proddatur-516360","Mr. Raghava Reddy","6302173510, 9052760222",rkdoorplaza222@gmail.com
"Andhra Pradesh",Nandayala,"RSk EnterPrises","29/178/42,SBI-Colony,Nandyala,Kurnool, Andhra Pradesh,PIN : 518501","Mr.Krishna Reddy",9533333009,krishnareddy@gmail.com
"Andhra Pradesh",Nellore,"Maheswara Enterprises","B.V.Nagar, Main Road Center Nellore-524004","I.Ramana Reddy",9949712871,ramanareddyinganti@gmail.com
"Andhra Pradesh",visakhaptnam,"kausalya agencies","Block B,plot no 216,IDA,Autonagar,Gajuwaka, Visakhapatnam District, Andhra pradesh-530012","Mr. Amar",7675877774,md@kausalya.co.in
"Andhra Pradesh",kadapa,"Sarojini Enterprises","D.no-36/102-B,Agasya Arcade,Groundfloor,MadrasRoad,Chinnachouk,KADAPA. AndhrapradeshPincode-516003.","Mr murali kumar",7729006777,muralikumar31333@gmail.com
"Andhra Pradesh",madanapall,"Sri ram naresh iron and steel @play wood","Punganur road,Mulakaladinne cross road,OPP boyakonda Arch,Beside Heritage Dairy,Madanapally Andhrapradesh pin -517325","Kumar choudary",9618662550,kumarchowdarymapuri@gmail.com
"Andhra Pradesh",Nellore,"Bharath enterprises","D.NO 10-64,YSR statue circle,Banigisahrb pet Guduru town Andhrapradesh pin code534101","MR shaik samdani Basha",9391153815,
"Andhra Pradesh",Kurnool,"Shivaram agencies","D.NO.1/1646-1,Gandhinagar,Adoni BypassRoad,Yemmiganur,  Kurnoll dist Andhrapradesh.pincode.518360","Guru prasad",9052808007,shivaramagencies@gmail.com
"Andhra Pradesh","Eluru ","omkar sri jagannadh traders","D.no 3-146/2,GBG road ,Pata Chinthalapudi,beside john deerTractor showrom ground ,Chinthala pudi.eluru dist .  AP.Pincode.534460","Nagendra Rao Chinni",9440855699,chinninagendrarao@gmail.com
"Andhra Pradesh","Eluru ","vijaya home care industries","D,no 8-3-136,chittapuricomplex,Bossubomma center ,Aswaraopet Road,Jangareddy gudem,eluru dist.Ap.pincode. 534447","Appal Raju",9299995477/9666966125,vijayahomecareind@gmail.com
"Andhra Pradesh","East godavari","Sri Kalyani Interiors","Alumuru Road, Opp victory Bazar,MANDAPET, East godavariAndhrapradesh Pin code.533308.","Srinivas Rao",9849987999,srikalyaniinteriors@gmail.com
"Andhra Pradesh","East godavari","Phoenix infra","D.no. 2-42-50/1.Ground floor,Opp Raithu Bazzar,ILTDjunction,Rajahmundry,Eastgodavari,Andhrapradesh .pincode-533101",cyrus/srinivas,9030111441,phoenixinfradnw@gmail.com
"Andhra Pradesh",Kurnool,"CMR Traders","Flat No.: 26, Vivek Nagar, Near Surya Temple, Opp. Gooty Petrol Bunk, Kurnool - 518002","Lakshmi Reddy",8867789039,cmrtraders76@gmail.com
Assam,Guwahati,"SM Corporation Limited","Anil Plaza, 3rd floor, GS Road, Guwahati - 781005","Mr. Rishi Agarwal",9435048008,rishi@smgrp.net
Assam,Kamrup,"Brahmaputra Traders","Birkuchi, Near Marias Public School, N.C Road - 781001","Sanjay deka",9864922044,sanjoydeka9@gmail.com
Assam,Kamrup,"Bhagawati Iron &amp; Hardware Store","Ganeshguri, G S  Road - 781005",C.S.Bajoria,9435103067,bhagwati_iron@yahoo.co.in
Assam,Kamrup,"Kailash Enterprise","Bhetapara, Guwahati - 781028","Bubul Deka",9864061168,kailashentghy@gmail.com
Assam,Nagon,"R J &amp; Sons ","Itachali, R K  Path, Nagaon - 780001","Sanjay Nahata",9435061649,rjgroupassam@gmail.com
Assam,Barpeta/Pathshala,"Avinash Enterprise","Chandranagar, PS-Patacharkuchi, Pathshala - 781325","Jonemani Tahabildar",9435124368,Mahanandatahbildar@gmail.com
Assam,Kamrup,"Kailash Traders","Santipath R G Baruah Road Guwahati - 781024","Montu Deka",9435049822,ms_kailash_traders@yahoo.com
Assam,Kamrup,"Bajrang Steel &amp; Cement Cente","Bhetapara, Guwahati - 781028","Shubash Sharma",9435102803,bajrangsteelandcementcentre@gmail.com
Assam,Jorhat,"Puja Supply/Om Hardware","Jorhat Town, Jorhat - 785001","Bittu Poddar",8720986362,roshnipoddar13@gmail.com
Assam,Dulijan,"Chenireema Trader's","Dulijaan - 786692","Priyam Gogoi",9435038134,chenireematraders@gmail.com
Assam,Silchar,"Ghosh Enterprises","Vivekananda road, Silchar - 788007","Shyamal Ghosh",9435072783,shyamal.rmt@gmail.com
Assam,Dibrugarh,"H.B Global Enterprises","A.T. Road, South, opp. Kabarsthan,,Amolapatty","Mr. Harsha Bordoloi",7086258893,hbglobalenterprises23@gmail.com
Bihar,Gaya,"Ramesh Steel House","N.K Lal Road, Naer Dukani, Gaya -  823001","Priya Ranjan",9304049511,id-pranjan1624@gmail.com
Bihar,Gaya,"Mishra and Sons","Delha Bus Stand, Gaya - 823001","Navin Kumar Mishra",9431224199,mishrasons2@gmail.com
Bihar,Gaya,"Shyam Traders","Chanduti More, Near PNB Bank Gaya, Bihar - 823001","Arun Kumar Singh",9431085542,arunraygaya@gmail.com
Bihar,Nalanda,"Anil Trading","Sadhbhavna Chock, Nawada - 805110","Primal Kumar",9631513418,parimallove143@gmail.com
Bihar,Nalanda,"Bhagwat Prasad and Sons","Indra Chock, Nawada - 805110","Anjiny Prasad",7004510679,anjanikumar.kumar33@gmail.com
Bihar,Nalanda,"Shitla Traders","Bypas Road, Bihar sharif - 803101","Pankaj Kumar",9934115734,shitlatraders1501@gmail.com
Bihar,Patna,"Hemkund Traders","Kankarbagh Main Road, Patna - 800003","Mr. Sarbjeet Singh Gandhi",9204753111,hemkund.traders@gmail.com
Bihar,Begusarai,"Satyam Steel","Dairy Road, Near Mirchaiya Chowk , Barauni, Begusarai - 851112","Sudhir Sandilya",9973702672,satyamsteel851112@gmail.com
Bihar,Patna,"DK Enterprises","Power House Road, Begusarai - 851101","Neeraj Mangotiya",9431211451,neerajmegotia@gmail.com
Bihar,Darbhanga,"National Industrial Works","Maharani Godown, Darbhanga - 846004","Raj Nayak",7544880088,niwdarbhanga@gmail.com
Bihar,Purnia,"Interior &amp; Exterior Hub","2nd Floor, Purnea Market, R.N Shaw Chowk, Barta Bazar - 854301","Shivam Kumar",9608960900,ieh.purnea@gmail.com
Bihar,Patna,"Doors &amp; Window","Janta Fabricator, Uttam Palace, Opposite Of Reliance Digital, Near Jagdeo Path, Patna - 800014","Md. Aftab Alam",7782893255,doorswindow1zf@gmail.com
Bihar,Muzaffarpur,"Kamkhya Steel","Aghoria Bazar Chowk, Muzaffarpur - 842001",Kamkhya,9431238168,kamakhya0011@gmail.com
Bihar,Muzaffarpur,"Tara Sales","Brahampur Chowk, Muzaffarpur - 842003","Abhishek Kumar",9386898081,niteshkumartarasales@gmail.com
Bihar,Darbhanga,"Shree Kambla Traders","Indra Colony, Bajitpur Punchait, Ragherapura Road, Tulsipatti, Laheriasarai, Darbhanga - 846001","Anil Jha",9470404620,tarasales1989@gmail.com
Bihar,Patna,"BMW Ventures Ltd.","East Gandhi Maidan,1st Floor, Mona Cinema Complex,  Patna - 800004","Mr. Bijay Kishorepuria",9234667111,bijay@bmwventures.com
Bihar,Gaya,"Pasa Resources Pvt. Ltd.","House No. 372, A.P. Colony, Gaya - 823001, Bihar","Mr. Sudhir Agarwal",9334383366,skagarwal@pasahouse.com
Bihar,Begusarai,"Standard Steel","NH-31,Mohammadpur Chowk, Opp-Jai Mata De Petrol Pump,Begusarai-851101 ","Mr Chandan",9122700001/9430833133/9122700001,mailstandardsteel@gmail.com
Bihar,Nalanda,"AIM Traders","Shop no. 37, Bazar Samiti Rd, Ramchandrapur, Bihar Sharif, Bihar 803101","Manish kumar","091134 23663",aimtraders2019@gmail.com
Bihar,Motihari,"Apna Hardware and Sanitary","ward 29, Areraj road Raghunathpur,  Motihari,  BIHAR 845401","Anita Chaurasia ",8130830922,"apnahardware5@gmail.com "
Chandigarh,"New Chandigarh","Balwant &amp; Sons.","Pincode - 140901",,99914-87711,
Chandigarh,Chandigarh,"Satraj Enterprises","Plot No. 669, Phase II, Industrial Area, Chandigarh","Mr. Varun Kataria",98555-06280,satraj669@gmail.com
Delhi,Delhi,"Elegance Steel","7/25, Ground Floor, Kirti Nagar Industrial Area, Najafgarh Road, Delhi - 110015","Narender Giri",8700864343,elegancesteels@gmail.com
Gujarat,Banaskanta,"Yogesh Steel Traders","Near Batka Circle, Opp. Excelency Hotel, Palanpur Road, Deesa - 385536","Mahesh Bhai",9427309757,maheshnpatel2013@gmail.com
Gujarat,Navsari,"Laxmi traders","Near Grid, Bardoli Road, Kabilpore, Navsari-396424","Mayur Bhai",9723454881,Laxmi.navsari@gmail.com
Gujarat,Junagadh,"Sorath Sales","Jail Road, Opp. Railway Junction Road, Junagadh - 362001","Sabir Bhai",9825235890,sorathsales9@gmail.com
Gujarat,Rajkot,"Kothari Brothers","M.G. Road, Para Bazar, Opp. Bank of India, Rajkot - 360001","Nishit Kothari",6353858520,kothari_brothers2007@yahoo.co.in
Gujarat,Jetpur,"Ramkrupa Steel","Sudam Nagar, Jetpur, Gujarat - 360360","Kiran Bhai",9825772133,ramkrupa.steel@yahoo.co.in
Gujarat,Ahmedabad,"Anushka Enterprises","B-804, Nirman Complex , B/h Navrang Bus Stand, Navrangpura, Ahmedabad - 380009 ","Mr. Raghav Bihani",8347008224,raghavbihani@gmail.com
Gujarat,Surat,"Vijya Laxmi Trading","Ground Floor, Jay Maruti Complex, Udhna Darwaja, Suman DesaiWadi, Nr.TVS Showroom, Nr.Gujarat Samachar, Ring Road, Surat - 395002","Jigar Patel",9998949149,jigarpatel99989@gmail.com
Gujarat,Surat,"Vijya Laxmi Trading","Ground Floor, Jay Maruti Complex,  Udhna Darwaja, Suman Desai Wadi, Nr.TVS showroom, Ring Road Surat","Mr.Dhaval Patel",7041395944,tatapravesh.surat@gmail.com
Gujrat,Ahmedabad,"Shreeji Steel and Furniture","Ground floor,E-13,Dev arcade,station road,bavla, Ahmedabad,Gujrat - 382220","Chauhan Mahipatsinh",9898147563/9824058291,Shriji.fertilizers@yahoo.com
Haryana,Karnal,"Hari Om Metals","Opp. Subhash Gate, G.T. Road, Karnal, PIN - 132001","Dhirender Shah",9212736108,hariommetals@gmail.com
Haryana,Rohtak,"Steel Arena","SCO - A - 15, Shanti Tower, First Floor, Suncity Sector - 35, Rohtak - 124001","Dhirender Shah",9212736108,steelarena22@gmail.com
Haryana,Ambala,"Gopal Krishna Gupta &amp; Sons","170 Bank Road, Near Farookha, Khalsa School, Ambala Cant., Haryana, PIN - 133001","Dhirender Shah",9212736108,gopalsons51@yahoo.in
Haryana,Hisar,"Jain Steel","Old Anaj Mandi (Loha Mandi) , Hisar, Haryaa, PIN -  125001","Dhirender Shah",9212736108,adi.116mittal@yahoo.com
Haryana,"Sagar Nagar","Steel Arena","SCO - A - 15, Shanti Tower, First Floor, Suncity Sector - 35, Rohtak - 124001","Dhirender Shah",9212736108,steelarena22@gmail.com
Haryana,"Bahadurgarh (Jhajjar)","Jaswi Metals","61, Galleria Market, Omex City, Jhajjar Road, Bahadurgarh - 124507","Dhirender Shah",9212736108,jaswimatels@gmail.com
Haryana,Smalkha,"Kedarnath Traders","Hathwala Road, Near Patanjali Store, Smalkha, Panipat","Dhirender Shah",8700864343,kedarnathtraders6@gmail.com
Haryana,Rewari,"Om Sales","Near Rajesh Pilot Chowk, Gari Bolni Road,  Rewari - 123401","Sagar Nagar",9891054644,ms.omsales@rediffmail.com
Haryana,Rewari,"Deepak Engineering and Hardware","VOP Nahar, Kosli Kanina Road, Nahar, PIN - 123303","Sagar Nagar",9891054644,inder94.jeet@gmail.com
Haryana,Faridabad,"Sai Industries","Main Road, Sector 46, Faridabad. 121001. Opp. Eicher School.","Ishan Bhagat","'+91 9289324245","tatapravesh.tsl@saifabs.com "
"Himachal Pradesh","Mandi &amp; Kullu","Naina Industries","Main Road, Main Bazar, Ner Chownk, Mandi-175001","Lalit Saini",9418100182,nainaindustries@rediffmail.com
"Himachal Pradesh",Shimla,"Anil Associates","Chibber Complex, Near Malyana Bus Stop, Shimla H.P","Mr. Arun Kak",78077-89479,kak.arun@gmail.com
"Himachal Pradesh",Kangra,"Bhatnagar Hardware Store","Ward No. 1, Nagrota Bhawan, Kangra H.P","Mr. Amit Bhatnagar",94180-54412,amit.bhatnagar_7@yahoo.com
"Himachal Pradesh",Una,"Sagli Ram Sons","Village-Bharolian Kalan, Una H.P-174303","Mr. Rishav Sharma",97364-88283,rishavsharma613@gmail.com
"Jammu And Kashmir",Jammu,"Hindustan Sales Corporation","Hindustan Sales Corporation, Lane No. 1, Sidco Complex, Near Railway Flyover Bari Brahmana, Jammu -180012  ","Mr. Rajneesh","0191-220486, 9906681888",hscorp3@gmail.com
Jharkhand,Ranchi,"Nikhil Agency","Maharaja Market, Tupudana, Ranchi - 834003","Mr. Anuj / Anil  Kumar Sahu",9334428790,nikhilagency1982@gmail.com
Jharkhand,Ranchi,"Geeta Cement","Beside Mansay Fuel Centre, Boreya Road, Ranchi - 835240","Mr. Sanjay Narayan Tiwary",9835117728,geetacement2009@gmail.com
Jharkhand,Ranchi,"Shyama Steel","Near Hitension Colony, Namkum, Ranchi - 834010","Mr. Amar Keshari",9431447624,amarkeshari92@gmail.com
Jharkhand,Ranchi,"Steel Corner","Pandey Bhawan, Beside Hotel Crown Plaza, Main Road, Hinoo, Ranchi - 834002","Mr. Sandeep Kumar Pandey",9334616155,steelcornor.ran@rediiffmail.com
Jharkhand,Hazaribagh,"M/S RK Marble","Boddam Bazar, Hazaribagh - 825301","Mr. Raj Kumar Jain",6200704136,uni.chetan.uni@gmail.com
Jharkhand,Deoghar,"Durga Enterprises","Near Prabhat Khabar Office, Jhousagharhi, Dumka Road, Deoghar - 814112","Pramod Kumar Tibrewal",7004195002,pramodtibrewal@gmail.com
Jharkhand,Deoghar,"Multi Metals","Near Bajla Mahila College, Bajla Chowk, Deoghar - 814112","Prashant Bajla",9955642595,mmrbajlachowk@gmail.com
Jharkhand,Deoghar,"Jhajharia &amp; Sons","Near Indian Petrol Pump, Bypass, Dumka Road, Deoghar - 814112","Sumit Jhajharia",9931074730,sjhajharia970@gmail.com
Jharkhand,Dhanbad,"Aashiyana Enterprises","Aayan Complex, Shop No 3&amp;3a, First Floor, Opposite Pragati Nursing Home, Saraidhela, Dhanbad - 828127","Manish Singh",7004043225,mailtoaashiyana@gmail.com
Jharkhand,Bokaro,"Govind Steel","Purulia Road, CHAS, Opposite Laxmi Kanta, Bokaro - 827013","Mr. Gobind Prasad Agarwal",9431777146,keshavagarwal426@otlook.com
Jharkhand,Dhanbad,"Maa Bhawani Traders ","Near Binod Bihari Chowk, Pal Nagar, Baramuri Khattal, Dhanbad - 828130","Rajesh Kumar",9155738484,rajesh.kumar19802621@gmail.com
Jharkhand,Dhanbad,"Sriram Sales","Sriram Sles,  Gt Road,  Govindpur,  Dhanbad - 828109","Mr. Nandlal Agarwal",9204857626,nandsrs@yahoo.co.in
Jharkhand,Ranchi,"Pasa Resources Pvt. Ltd.","Pasa House, Lalpur, Circular Road, Ranchi - 834001, Jharkhand","Mr. Sudhir Agarwal",7004648229,skagarwal@pasahouse.com
Jharkhand,Dhanbad,"Nyanska Enterprises","Kasiyatand More, Near 99 Koylanchal Gate,  Bhuli Hirak Road, Dhanbad - 828104","Sammi Kumar",9905275003,nyanska022@gmail.com
Jharkhand,Ranchi,"Hari Kripa Sales","Booty More , Ranchi, Pin Code - 834012","Rankesh Prasad",9955711594,hari.kripa.brands@gmail.com
Karnataka,"DAKSHINA KANNADA",DRYWALLS,"9 100 12 1 OPPOSITE FISHERIES COLLEGE YEKKUR ROAD YEKKUR","Aboobakker Siddique",9482814875,drywallsmangalore@yahoo.com
Karnataka,UDUPI,"SQUBE STEELTECH","D NO 2 23 C OPP ROBOSOFT GOPALPURA SANTHEKATTE UDUPI",Mr.Vishnuprasad,7795701609,sqube.steeltech@gmail.com
Karnataka,BANGALORE,"UNITED PLYWOOD AGENCIES","113 9 OLD MADRAS ROAD ULSOOR BANGALORE","Mohammed Saad",9886366042,sales@unitedply.com
Karnataka,SHIVAMOGGA,"DHANVINE TRADERS","AURORA COFFEE SHOP GROUND FLOOR BENGALURU HONNAVAR ROAD GADIKOPPA SHIVAMOGGA","Deepak Hedge",9916302553,dhanvinetraders27@gmail.com
Karnataka,DAVANGERE,"BUILDEZY INFRA SOLUTIONS PVT LTD","RAVINDRANATH BADAVANE DEVARBELEKARE ROAD SHAMANUR DAVANGERE",N.Bhaskar,9742424433,buildesy@gmail.com
Karnataka,BANGALORE,"SPACEWARE DEZIGNS LLP","Sy No.230/2, Sarjapur Road, Dommasandra, Anekal Taluk, Bangalore - 562125",Mr.satyajit,9019570646,"info@spaceware.in  / info@spacedezigns.com"
Karnataka,BANGALORE,"UNITED PLYWOOD AGENCIES B2","1 ROYAL ENCLAVE BAGALUR MAIN ROAD SATHANUR BANGALORE","Mohammed Saad",9886366042,sales@unitedply.com
Karnataka,MYSORE,"UNITED PLYWOOD AGENCIES MYS","2564 1 2ND CROSS KALIDASA ROAD VANI VILAS MOHALLA MYSORE","Mohammed Saad",9886366042,sales@unitedply.com
Karnataka,Belgaum,"Sooji Enterprises ","125/A, Hosur Math Galli, New Double Road,Opp. Shivsrushti (Shivaji Garden),Shahapur,Belgaum,Karnataka ",Mr.Ankush,7619428735,aparnabgm@gmail.com
Kerala,Ernakulam,Rightpoint,"NH Byepass, Thammanam PO, Ernakulam, Kerala 682032","Antony GK",8606411765,rightpointkochi@gmail.com
Kerala,Kotayam,"East West Sales Corporation","Kodimatha, Kottayam, Kerala 686004",Saji,9447178410,Eastweststeel@yahoo.com
Kerala,Kottayam,"Jairaj Traders","Koothamattathil Building, Uzhavoor-686634",Simon,9656327200,jairajgroupsuzhavoor@gmail.com
Kerala,Kannur,"Naba Traders","Acc Building, NH66 Road, Kannur Thana, Kannur - 670012",Nazeer,9847086862,nabatradersknr@gmail.com
Kerala,Thrissur,"Suryakiran Traders","Pallinada Junction, Kallettumkara PO, TSR Dist, Kerala, Pin -680683","K.K. Poly",9447021424,kannamkunny.poly@gmail.com
Kerala,Thrissur,"Chakkeri Agencies","Chakkery Complex,  Near Moospet Bank, Jubilee Mission Road, Chelakkottukara, Trissur - 680005","Mathew C.R",9447819366,mathewcr1963@gmail.com
Kerala,Palakkad,"Sobha Steels","Chandapura, Kuzhalmannam,Palakkad, Kerala 678702","Moicky Ouseph Joy",9249611154,Sobhasteeljoy@gmail.com
Kerala,Kozhikode,Steelply,"Opp Vigilance office,Thondayad,Kozhikode-673016","Faisal KK",9895575752,faizallucky@gmail.com
Kerala,kottayam,"Vadison Enterprises","Cherpunkal, Kerala 686574",Tom,9447258590,vadanatom@gmail.com
Kerala,Alappuzha,"Sintex Craft","SNV Market, Kalarcode, Thookkukulam, Alappuzha-688003",Asokan,9446347826,
Kerala,Ernakulam,"Cube Doors","Sangamam Junction,Thrikkalathoor,Muvattupuzha,Ernakulam,Kerala-683541",Jalees,9744849195,jaleesppbec@gmail.com
Kerala,Ernakulam,"Ambattu Door Centre","Surya Complex, Velloorkunnam,Muvattupuzha , Ernakulam , Kerala-686661",Binu,9846467069,binuambattudoor@gmail.com
Kerala,Kottayam,"Thundathil Agencies","Ramapuram Bazar P.O , Kottayam,Kerala , 686576",Jomon,9037166248,thundathil19@yahoo.com
Kerala,Idukki,"Global Door world","SNDP Shopping Complex, Rajakkad,Idukki,Kerala -685566","Renjith Kumar PK",9656141104,globaldoorworldrkd@gmail.com
Kerala,Idukki,"Marbasil Trading","Near Mini Industries,Rajakumari South PO, Rajakumari ,Idukki ,Kerala-685619",Freddy,9072588001,fleminuthombrayil@gmail.com
Kerala,Idukki,"Idukki Home furnishing Materials","Padinjarekkara Building,Adimaly Road,Cheruthony,Idukki,Kerala -685602","Mr.Reji John",9446683922,idukkihome@gmail.com
Kerala,Malappuram,"Kerala Stores","Rajeev Gandhi Byepass Road, Near Malabar Hospital, Manjeri, Malappuram.-676121",Hamsa.M,9388026504,keralastoremanjeri@gmail.com
Kerala,Malappuram,"Dream Doors","Market road,Mongam,Malapuram-673642",Sainudheen,9633838713,
Kerala,Malappuram,"UK Steels","Munduparamamba, Malapuram, near Ramgas Agencies, Malapuram-676509",Anil,9846468485,uksteelsmpm@gmail.com
Kerala,Malappuram,"NK Modern Trading","Perumbarambu road,Edappal(PO),Malapuram-679576",Favas,9746846184,
Kerala,Kannur,"Engineering service","Goltens arcade,new bus stand,Payyannur,Kannur-670307",Padmanabhan,9388210994,
Kerala,Mangalore,"Dry Walls","9-100/12(1),Opp Fisheries college,NH-66,Yekkur,Mangalore-575002",Abdulla,9483540448,
Kerala,Kottayam,"Matha Metals","12/276 Alenchery Building,Thellakom PO,Kottayam,Kerala -686630",Sijo,8089196012,mathametals@rediff.com
Kerala,Ernakulam,"Abhilash Bed &amp; Furniture Mall","Abhilash Bed &amp; Furniture Mall, Union Bank Road, Perumbavoor, Ernakulam, Kerala- 683542",Prakash,9895248670,ampabhi@gmail.com
Kerala,Idukki,"Fortuno Build Solutions","1st Floor, KSM Building, Kolani-Vengaloor Bypass, Thodupuzha, Kerala- 685608","Jojin Varghese",9072605509,fortunobuilds@gmail.com
Kerala,Thrissur,"Sree Ventures","5/494-B, 70deg East Shopelia, Thrithallur, Vadanappally, Thrissur, Kerala- 680619","Lekha Rajesh",9188777169,sreeventurestcr@gmail.com
Kerala,Thiruvananthapuram,"Aluco Racking Systems","Mamom Road, Mamam, Attingal, Kerala- 695104",Rajendran,8281875007,alucoattingal@gmail.com
Kerala,Malappuram,"Alankar Trading and Contracting","Pattambi Road, Opp Federal Bank Chathalloor, Perinthalmanna, Malappuram, Kerala- 679322","Abdul Ashik",9037579850,alankartnc@gmail.com
Kerala,Thrissur,"Kadavil Ventures","Panangad, SN Puram, Thrissur, Kerala- 680665","Priyan P",9495513518,kadavilventures@gmail.com
Kerala,Kozhikode,"Mas Gallery","SH29, Chungam, Thamarassery, Kerala- 673573",Rafi,9645006329,masgallery100@gmail.com
Kerala,Thrissur,"Sree Ventures","X-213B, Muthuvara, Thrissur, Kerala- 680553","Lekha Rajesh",9188777169,sreeventurestcr@gmail.com
Kerala,Ernakulam,"Fortuno Build Solutions","1st Floor, Padinjarayil Buildings, SH 1, near SBI, Koothattukulam, Kerala 686662","Josni Joseph",9895868636,fortunobuilds@gmail.com
Kerala,Alapuzha,"Divine Marketing","No-305/c, Eara P. O. Alapuzha ","Tom andrews",8281542499 ,divinemarketing71@gmail.com
Kerala,Alapuzha,"Manjal homes pvt limited","24/238B, Velorvattom- Cherthala,Alappuzha-688524",shaji,9447505737,manjalhomes@gmail.com
Kerala,Malapuram,"Avadhar Build Mart","Tirur - Calicut Rd, Athanikal, Kolappuram, Kerala ",Sinan,8557027777,avadharsteelsklpm@gmail.com
Kerala,Thrissur,"Sree Ventures","Vll - 395 Nair's building Kunnamkulam, kambipalam",Rajesh,9447870900,sreeventurestcr@gmail.com
Kerala,Trivandrum,"KONARK WINDOW SOLUTIONS","KONARK WINDOW SOLUTIONS,  NEAR SHARJAH TOWER, PPXIV/747-A,  MC ROAD, KILIMANOOR PO ,  TRIVANDRUM, PIN 695601",Jayapraksh,9446045300,konarkwin.doors@gmail.com
Kerala,Malapuram,"Protech Trading","M.M Building, Door No.5/115 B, Peruvazhiyambalam, Tirur -Tanur Road, P.O Pookayil Bazar, Tirur, Malappuram","Mohammed Shafeeq",9995615461,protech.trd@gmail.com
Kerala,Palakkad,"Pravesh innovations","Ottapalam, Brothers Arcade 6/795, Manissery, Kerala 680521",Deepak,8590070048,praveshinnovations@gmail.com
Kerala,Palakkad,"Malabar steels","Near Pazheri Petrol Pump, Kodathippadi, Mannarkkad, Kerala 678582",Sabu,7559942879,sabuelavungal@gmail.com
Kerala,Kollam,"Heaven Doors","Heaven Door,Mamoodu, Chandanathope, Kollam, Kerala 691014",Stanley,8281067025 ,tandbbuilders9097@gmail.com
Kerala,"Cochin (Kochi)","PRABHU Steels ","VI/963, Opp. Thrikkakara Temple, BMC P. O., Thrikkakara Kochi Kerala - 682021 Cochin (Kochi) Kerala 682021","Manoj Prabhu",2000000096,NULL
Kerala,Malappuram,"Zain Creations","2/419-B6 Parvath Building, Machester Road, Near Nooradi Bridge, Nooradi,Malappuram.Pin-676504","Aboobacker M",9539947249," ZainCreationIndia@gmail.com"
"Madhya Pradesh",Indore,"Bajaj &amp; Sons","BAJAJ CORPORATE HOUSE 153-C-S-3, Scheme No 78 - III, near Bank Of India, Vijay Nagar, Indore, Madhya Pradesh 452010","Mr. Mayank Bajaj",9630002829,mayank.1208d@gmail.com
"Madhya Pradesh",Indore,"Satya Shree Furniture &amp; Decorators","118-119, Labriya Bheru, Opposite Kastur Cinema Hall, Dhar Road, Indore-452002","Mr. Lalit Dawar",9424053959,lalitdawar2012@gmail.com
"Madhya Pradesh",Ujjain,"Jyoti Traders","A/14 Pragati Nagar, Sanwer Road, Nanakheda Opposite Bharat Petroleum, Ujjain - 456010","Mr. Rajendra Singh",9826018740,rajendrasingh98260@gmail.com
"Madhya Pradesh","Manasa (Neemuch)","Prajapati Traders","Opposite Balaji Temple, Rampura Road, Manasa, District- Neemuch - 458110","Mr. Jitendra Prajapati",9977477633,jitendraprajapatim@gmail.com
"Madhya Pradesh",Jabalpur,"BMW Vyapar Pvt. Ltd","Gram Khairi , Karonda Nala Bypass , Maharajpur, Jabalpur - 482004","Mr. Anubhav Kishorpuria",8226072222,anubhav@bmwvyapar.com
"Madhya Pradesh",Indore,Starlite,"Shop No. 62, Siyaganj, Indore, 452007","Mr Mustufa",9893291135,786col@gmail.com
"Madhya Pradesh",Indore,Aesterno,"41-42, PU4, AB Road, Behind C21 mall, Scheme no 54, Indore MP","Piyush Porwal",9827555567,k.p.salesidr@gmail.com
"Madhya Pradesh",Ratlam,"Vaibhav Traders","old neemuch bypass road,ratlam, MP","Vaibhav kataria",7000751558,firmVaibhavEnterprises@gmail.com
"Madhya Pradesh",Khargone,"Kailash chand madanlal","indore diversion road, khargone","Vijay mahajan",9425087176,kailash.madanlal@gmail.com
"Madhya Pradesh",Bhopal,"Shri Ganpati Infratech","Plot No.33 Rohit nagar Phase -1,Bawadiya Kalan, Bhopal - 462039","Mr. Yogesh Kumar Panday",8889325289,ganpatiperma@gmail.com
"Madhya Pradesh",Gwalior,"Sanskar Kitchen","D 25 Basant Vihar Mail Road, Gwalior- 474002","Mr. Nilesh Sharma",9826246660,sunny_200770@yahoo.com
"Madhya Pradesh",Betul,"Anvi Interio Infra","GF Shop 01, Opposite Sonalika Tractor Showroom, Badora, Betul. Madhya Pradesh.  460001","Deepak Barde",9770904484,anviinterioinfra@gmail.com
Maharashtra,Mumbai,"Indu Corporation Pvt Ltd.","Nishuvi, 4th Floor, 75. Dr. A.B.Road,Worli, Mumbai-400018","Aadesh Temkar",7738831444,aadesh.temkar@inducorp.co.in
Maharashtra,Nagpur,"Sai Enterprises","C/o Patil Traders , Koradi Road, Mankapur Square, Mankapur, Nagpur-440030","Sandeeep Patil",9420177708,patiltraders1991@gmail.com
Maharashtra,Nagpur,"Vidharbha Steel and Hardware","3 , Manewada Cement Road, Mahalaxmi Nagar - 440024","Sanjay Khapekar",9270978400,vidarbhacement15@gmail.com
Maharashtra,Nagpur,"SM Trading Company","Mangal Wari Complex, JB Wing , Sadar, Nagpur - 440001","Nishikant ",9822473020,mathew.sino@gmail.com
Maharashtra,Amravati,"Cash Market","Opp New Cotton Market, Beside Petrol Pump, Amravati - 444603","Rajesh Amlani ",9422880017,acashmarket@gmail.com
Maharashtra,Gondia,"Harsh Steel","Near Sai Baba Weigh Bridge , Amgaon Road , Gondia - 441601","Sanjay Roongta",720442601,harshsteels01@gmail.com
Maharashtra,Nagpur,"R P Agrawal &amp; Sons","R P Agrawal &amp; Sons, Amravati Road, Wadi, Nagpur - 440023","Akshay Agrawal",8975848006,akshay_1672@yahoo.co.in
Maharashtra,Nanded,"Hind Agencies","Near Wamanrao Pawde Mangal Karyalaya , Purna Road , Nanded - 431606","Ganesh Rao Warje",9850557706,vishuash@yahoo.com
Maharashtra,Beed,"Satish Traders","Satish Traders, Near Central bank of india, Swata, Mali Chowk , Mondha Road , Beed- 431122","Akshay Yadav",9881307530,sdandure@gmail.com
Maharashtra,Parbhani,"Jagdamba Traders","M/s Jagdamba Traders, Near Agricultural University Gate (Kali Kaman) , Mathura Nagar Corner, Basmat Road, Parbhani - 431401","Sandesh ",9067737952,jagdamba@gmail.com
Maharashtra,Ahmednagar,"Sangamner Agri Produce Transport Co. Pvt. Ltd.","Opp. Dental College, Sangamner 422605 ","Mr. Ghodge Sir",9850596272,sangamnershampro10@gmail.com
Maharashtra,Ahmednagar,"Modern RCC Line Work","Near Premdan Chauk, Ahemadnagar 414003","Mr. Devang Parikh",9422080665,devang.parekh11@gmail.com
Maharashtra,Ahmednagar,"Guru Dev Datta Traders","At Post Guha, Rahuri, 413706","Mr. Shelar",9975211699,sudhakargshelar@gmail.com
Maharashtra,Nasik,"Patel Agency","Near Hotel Asara, Kopargaon Road, Yevla, 423401","Mr. Lalit Patel",7378753787,patellalits@gmail.com
Maharashtra,Nasik,"M/s Bhamre Traders","DGB Nagar, Kamathwade, Nasik, 422008","Mr.Vilas Bhamare",9422267603,bhamaretraders333@gmail.com
Maharashtra,Raigadh,"Geetali Traders","At Post Mangaon, Nijampur Road, Raigad, 402104","Mr.Girish Wadke",9423234507,geetali.traders@gmail.com
Maharashtra,"Sangli ","Ramdeo Steel ","Satara Road, Near Hotel Sanskruti, Jath, 416404","Meghraj Shetaji",9423356060,ramdeosteel@gmail.com
Maharashtra,"Sangli ","Dyneshwar Bamboo Merchant","Sangli - Peth Road, Islampur - 415409","Mangesh Salunkhe",9921070349,ckdps2056m@gmail.com
Maharashtra,"Sangli ","Alij Traders","Timber Area, Miraj - 416410","Navid Hangad",9822129114,tofiklangardar@gmail.com
Maharashtra,Kolhapur,"Tribhuvane Traders","Amboli Road, Ajara, Kolhapur - 416505","Mayur Tribhuvane",9423824836,tritraders2003@gmail.com
Maharashtra,Kolhapur,"Malhari Traders","Market Yard, Gadhinglaj 416502","Dayanand Sambhaji",9420011191,NA
Maharashtra,Pune,"Ganesh Traders ","C/O Yahshwant Pawar, At Post, Wathar Station, Satara 415524","Yashvant Pawar",9975272727,yashwantpawar@978@gmail.com
Maharashtra,Pune,"Sai Steel","Sai Wieght Bridge, Panjim - Pune Higway, Karaswada, Mapusa, Goa 403526","Piyush Patel","9822125242 / 9607958544",bhagwatisteelgoa@yahoo.com
Maharashtra,Aurangabad,"Satyam Traders","Sinha College More, Aurangabad - 824101","Manoj Kumar Singh",9931076886,manojljp5@gmail.com
Maharashtra,Nasik,"Sadashiv Steel","'Sukrut', Vaida Nagar Nasik Pune Road, Nasik - 422011","Mr. Pradeep Pavgi",9822289687,pspavagi@yahoo.in
Maharashtra,Pune,"B Odhavji &amp; Co.","B202, The Orion, Koregaon Park Pune - 411001","Mr. Pinank Valia",7507722158,pinank@bodhavji.com
Maharashtra,Kupwad,"Krishna Traders Sheet Division","E - 1/5, MIDC, Kupwad - 416436","Mr. Sachin Dole",8485847290,sanktsteel@gmail.com
Maharashtra,Bhandara,"S M Traders","1, Friends Colony, Khat road, Bhandara 441904","Mr. Sijo Mathews",9822473020,smsijo@gmail.com
Maharashtra,Nanded,"Hind Agencies","Near Wamanrao Pawde Mangal Karyalaya, Purna Road, Nanded - 431606","Mr. Vishal Lokhande",9881164414,vishuash@yahoo.com
Maharashtra,Sangli,"Sangli Ceramica","222/3, Plot No. 7, Casa Sawant, Kolhapur road, Sangli 416416","Sam Michael/ Pawan Sharma","9284632524 / 8483904909/ 9373450075",sangliceramica@gmail.com
Maharashtra,Sangli,"Hubale Building Solution","25B, MIDC, Bahe Road, Ismalpur, Tal. Walwa, Dist. Sangli 415409","Prashant Uttam Pawane",9324476757,hbs01012021@gmail.com
Maharashtra,Beed,"Kadam Agencies","MAHASUL COLONY, OPP Y.C COLLAGE  MAIN ROAD AMBAJOGAI- 431517","Lalasaheb Kadam",9420278425,kadamtraders2004@gmail.com
Maharashtra,Nagpur,"S M Traders","JB Wing, Mangalwari complex Nagpur Maharashtra 440001","Sino Mathew",9112248082,mathew.sino@gmail.com
Nagaland,Dimapur,"Essential Hardware","Lovi complex, Essential Hardware, Burma camp, Walford road, Dimapur, Nagaland- 797116","Hustoshe Awomi",8974006721,hutosheawomi@gmail.com
Odisha,Koraput,"Sri Gurpteswar Hardwares","Main Road, Near Gangamaa Temple, Similiguda, Koraput, Odisha, PIN-764036","Subrat Kumar Nayak",9777777108,sgsagency2@gmail.com
Odisha,Raygada,"Gauri Shankar Agencies","Main Road, Devdola, JK Pur, Rayagada, Odisha, PIN- 765017","G Nandikeswar Rao",9040993818,nandikeswarrao21@gmail.com
Odisha,Berhampur,"Sahu Enterprises","Main Road, Hunjilicut, Ganjam, Odisha, PIN- 761102","Rabindranatrh Sahu",9437217180,sahuenterprises17180@gmail.com
Odisha,Cuttack,"Reliance Supplier","Maahatab Nagar, Bidanasi, Cuttack - 753002","Debdas Pati",9437028667,d.pati@yahoo.co.in
Odisha,Sambalpur,"Mangeram Satyanarayan","Bypass Road, Kuchinda - 768222",Satyanarayan,9437059741,agrawallarajesh16@gmail.com
Odisha,Balesore,"Gangadhar H/W","Ganuganj, Remuna Golei, Balasore - 756019","Manoranjan Rout",9437266290,gangadharhwstore@gmail.com
Odisha,Keonjhar,"NK Iron","Mining Rod, Keonjhar - 758091","Naveen Lohani",9437084601,nkironsteel@gmail.com
Odisha,Angul,"Ganesh Enterprise","Hakim Pada, Angul - 759143","Jiten Polar",9861144121,jiten.palar@gmail.com
Odisha,Jajpur,Banadurga,"Routrapur, Jajpur - 755001","Rakesh Samant",7735322772,banadurgajajpur@yahoo.in
Odisha,Bhubaneswar,"The Flair","Patrapada, Bhubaneswar - 751019","Anil Khemani",9437961025,khemanianil@gmail.com
Odisha,Debgarh,"Chakadola Enerprises","Court Chakka, Debgarh - 768108","Barada Mishra",9437389944,baradakantamishra@gmail.com
Odisha,"Mayurbhanj ","Pramila Enterprises","Kaptipada Road,Udala, Mayurbhanj - 757041","Biswajit Paramanik",9437878981,abhijit.pramanik92@gmail.com
Odisha,Jajpur,"Maa Trader","Chorda Bypass, Jajpur Road - 755019","Sandeep Sahoo",9438140396,maatradersjkroad@gmail.com
Odisha,Jajpur,"Urban Livin","Saheed Nagar, Bhubaneswar - 751007","Timir Patra",7008293218,urbanlivin@gmail.com
Odisha,Berhampur,"Kausalya Agencies","Big Bazaar, Adamji Lane, Berhampur, Odisha, Pin - 760002","Mr. JVN Anil Kumar",9437061727,aniljvn@gmail.com
Odisha,Bhubaneswar,"Deson Marketing, Odisha","Zone A, S75/1, Mancheswar Industrial Estate, Bhubaneswar, 751010","Mr. Souptik De","7063599126, 9658707656",souptik@desonmarketing.com
Odisha,Keonjhar,"NK IRON &amp; STEEL","Mining Road, Keonjhar Keonjhar Odisha 758091","Naveen Lohani",9437084601,nkironsteel@gmail.com
Odisha,Angul,"GANESH ENTERPRISES","At/Po- Hakimpada, Dist- Angul Angul Odisha 759143","Jiten Palar",9861144121,jiten.palar@gmail.com
Punjab,Jalandhar,"Bilga Iron Store","Bilga Iron, Near Wadala Chowk, Nakoder Road, Jalandhar","Mr. Sachin Sharma",98141-14454,bilga1987@gmail.com
Punjab,Amritsar,"Ganesh Iron Store","Shop No. 1-A, Ajnala Road, Amritsar, Punjab","Mr. Deepak Mahajan",95360-03019,ganeshironstore32@gmail.com
Punjab,Ludhiana,"Aman Industries ","B-XIX-860, Ahsan Road, Civil Lines, Ludhiana, Punjab","Mr. Aman Soni",98148-25100,soniaman528@gmail.com
Punjab,Bhatinda,"JRK Kitchen Swarg","JRK Kitchen Swarg, Near Kabir Medical, Hex 17190 A, Aggarwal Colony, 40 Feet Road, Bathinda-151001","Mr. Chintu Garg",95692-10092,info.jrkkitchen@gmail.com
Punjab,Jalandhar,"Bilga Iron ","Near Wadala Chowk, Nakodar Road Jalandhar Punjab 144003","Mr. Sachin Sharma",9814114454,bilga1987@gmail.com
"Tamil Nadu",Erode,"Foursquare Fenestrattion","95, Sangu Nagar Main Road, Palayapalayam, Erode 638011","Nandhakhumar MV",9600996002,foursquarefabworks@gmail.com
"Tamil Nadu",Coimbatore,"Eliim Construction Pvt Ltd","1/380, LAKSHMI NAGAR, K.VADAMADURAI POST, COIMBATORE 641017","Vinothkumar P",8973085500,eliimpvtltd@gmail.com
"Tamil Nadu",Salem,"Indo steel company","2/5-1,Namakkal bye pass road, Amani kondalampatti, Salem - 636010","Syed Mohammed",8248508105,indosteel786@gmail.com
"Tamil Nadu",Coimbatore,"Lakshmi Ceeramics","21 Cowley Brown Road, RS Puram, Coimbatore 641002","Ramasamy S",9655170955,rm.tata@lakshmiceramics.in
"Tamil Nadu",Coimbatore,"Lakshmi Ceeramics","321, Mettupalayam Road,Opp. Murugan Mills, Coimbatore 641043","Ramasamy S",9655170955,rm.tata@lakshmiceramics.in
"Tamil Nadu",Coimbatore,"Lakshmi Ceeramics","2254, Trichy Road, Singanallur, Coimbatore 641005","Ramasamy S",9655170955,rm.tata@lakshmiceramics.in
"Tamil Nadu",Chennai,"Jain Steel India Corp","17, 225, Velachery Main Rd, Ram Nagar, Karnam Street, Dhadeswaram Nagar, Velachery, Chennai, Tamil Nadu 600042","Rohit Jain",2000000096,NULL
"Tamil Nadu",Chennai,"JAIN INDIA STEELCOORP PVT LTD","17/225,Velachery Main Road,Karanam Street,Velachery East,Tamil Nadu - 600042 Chennai ","Mr.Rohit  Jain",1212342345,mis2.tn@jainsteelgroup.com
Tamilnadu,Velachery,"Jain Steel India Corporation","17, 225, Velachery Main Road, Ram Nagar, Karnam Street, Dhadeswaram Nagar, Velachery, Chennai, Tamil Nadu - 600042","Mr. Rohit Jain",9849911288,rohitjain@jainsteelgroup.com
TAMILNADU,THANJAVUR,"FORTUNE HOMES","NO.7, SAFA COMPLEX, 1ST FLOOR, SELVAM NAGAR, MEDICAL COLLEGE ROAD, THANJAVUR - 613007","VIJAYA SARAVANAN V",9443482222,thefortunehomes@gmail.com
TELANGANA,"Ranga Reddy","Wonder Makers Infra Solutions","SHOP NO 3, 1STFLOOR,22-194/8,RALLAGUDA ROAD,OPP.SUB-REGISTER OFFICE, SHAMSHABAD, R R DIST,TG-501218",Premraj,9030834888,wondermakersinfra@gmail.com
TELANGANA,"Ranga Reddy","SSV Engineering Solutions","PLOT NO-29 PART, THATTIANNARAM (V), ABDULLAPURMET, RANGAREDDY, TG - 500068",Srinivas,7013971161,Ssvtatapravesh@gmail.com
TELANGANA,Malikajgiri,"Sree Sai Balaji Enterprises","H.NO-1-115, SAI BABA NAGAR, BOLLARAM RD, KOMPALLY, QUTHBULLAPUR,MEDCHAL-MALKAJGIRI, TG - 500055","Sainath Reddy",9966529097,sreesaibalaji449@gmail.com
TELANGANA,Kothagudem,"Sri Venkateshwara Housing Solutions","3-2-204,1,beside RK SUPERMARKET ,near GV mall,vidyanager cplpny ,kothagudem ,Telangana 507101",Sheker,9704842256,Shekarbollu1998@gmail.com
TELANGANA,Warangal,"Dandu Ceramics","1 1 672/1 SHOP NO 1, SIDDARTH NAGAR, KAZIPET, WARANGAL URBAN DIST, TG - 506003",Subbaraju,9849326343,Subbarajusuhas@gmail.com
TELANGANA,Wanaparthy,"Srinivasa Enterprises","42-225/1/C, RTC COLONY, WANAPARTHY, TG - 509103",Srinivas,9949765467,"Jaineesreenivas@gmail.com; tatadoorswanaparthy@gmail.com"
TELANGANA,Gadwal,"Rida Enterprises","1-6-79/MIG, HOUSING BOARD COLONY, GADWAL, JOGULAMBA, TG - 509125","Syed Riyazuddin",9989135696,syedriyaz446@gmail.com
TELANGANA,Mahabubnagar,"Sri Rama Traders","10/5/84/3/A/1, SANTHOSH NAGAR COLONY, SRINIVASA COLONY, YENUGONDA, MAHABUBNAGAR, TG-509001",Praveen,9491630031,sriramatraders.pravesh@gmail.com
TELANGANA,Karimnagar,"Eashwari Traders","Government High School, 9-4-460/3, SAPATHAGIRI COLONY, Karimnagar, Karimnagar, Telangana, 505001","VAMSHI KRISHNA",9989156188,vamshikrishna.chakilam@gmail.com
TELANGANA,Nizamabad,"S.R .Building Materials","near Manikbandar villege x roads,beside hungrilla drive inn ,armoor road,Nizambad -503003","MRS.SHARADA REDDY",9640225599,SRBUILDINGMATERIALS1@GMAIL.COM
TELANGANA,Janagoan,"Usha Enter Prises","4-5-59/21/A,HNK ROAD,JANGOAN, OPP PRISTAN SCHOOL TG - 506167",Kumar,9848535014,kumar.kandukuri1@gmail.com
TELANGANA,"Bhadradri Kothagudem",SRKEnterprises,"D.NO.15-55,opp:ttd kalyana manadapam,vemsoor road,Sathupally 507303.","Srikanth Reddy",9963668677,srkenterprisesspl@gmail.com
TELANGANA,Hyderabad,"Samrat Iron Pvt Ltd","H.No.8-2-601/A/1/1&amp;8-2-603/B/1,4th floor,Banjara Hills,Road No.10- 500034",,,
UP,Lucknow,"Narayan Traders","Bappa complex, Shop No.2, Ahimamau Opposite Best Price, near Janta Dhaba Lucknow - 226002 ","Mr-Sarwesh Mishra","8400274383/ 9125635027",narayantradersdw@gmail.com
UP,Chandauli,"Amit Associates","Beside Laxmikamal Lawn, Opp IP Mall, Chandhasi, Mughalsarai, chandauli , Pin-232101",Amit,"9919768000 and 7080995909",amitassociatesmgs@gmail.com
"Uttar Pradesh",Aligarh,"Surender Kumar, Ratan Kumar","Agra Road, Sasni gate, Aligarh-202001","Tarun Varshney",9837290071,tata_tiscon2009@rediffmail.com
"Uttar Pradesh","J P Nagar","Ashu Enterprises","Kavi Nagar, Near Police Station, Bijnor Road, Gajraula, Amroha-244235","Ashish Pushkar",9536381181,pushkar.ashish@gmail.com
"Uttar Pradesh",Aligarh,"Hari Shanker Agarwal","13/05, Mammu Bhanja Road, Aligarh-202002","Gaurav Agarwal",9927065001,amit05480@gmail.com
"Uttar Pradesh",Noida,"The Build Shoppe","Main Road, Hoshiyarpur, Sec-51, Noida-201301  (Near Shivalik Hospital)","Gajendra Kumar  Gandhi",9811083896,thebuildshoppe@gmail.com
"Uttar Pradesh",Varanasi,"Shri Ram Iron Stores","Paharia, Sarnath Road, Varanasi-221007","Rajkumar Yadav",9415447483,sreeramironstores.vns@rediffmail.com
"Uttar Pradesh",Lucknow,"Bharat Constructions","Shop No. 4, 727, Virat Khand Road, Vijayant Khand, Gomti Nagar, Lucknow-26010","Manish Ladkani",9415011084,ladkanimanish@yahoo.in
"Uttar Pradesh",Lucknow,"P.D. Steels","G-36, Transport Nagar, Kanpur Road, Lucknow, Kanpur Road-226012","Prashant Talreja",9930706073,pdsteelslucknow@gmail.com
"Uttar Pradesh",Lucknow,"U.P Timber","631/7, Sandhya Puri, Ismailganj, Faizabad Road-226016","Mischel Khan",7706003791,info@uptimberstores.com
"Uttar Pradesh",Gorakhpur,"Divya Enterprises","Ranidiha, Near Engg. College 273010","Devendra Pratap Singh",7706900032,divya.enterprisesgkp@gmail.com
"Uttar Pradesh",Azamgarh,"Anuj Enterprises","Harbanspur, Opposite Honda Showroom, Azamgarh-276001","Arun kumar Prajapati",9838624764,arunkumarprajapati.1968@gmail.com
"Uttar Pradesh",Faizabad,"Saroj and Sons","Near Eye Hospital, Sahabganj , Faizabad-224001","Vimal Jaiswal",9453516901,vimaljaiswal.tiscon@rediffmail.com
"Uttar Pradesh",Kanpur,"Radhe &amp; Co","126/5/6 Vidhyarthi Market (Milan Band Wali Gali), Govind Nagar, Kanpur208006","Radhe Mohan ",9450414049,radha.mohantata88@gmail.com
"Uttar Pradesh",Agra,"Bidhi Chand Agrawal &amp; Sons","Madia Katra, Near Petrol Pump Agra-282001`","Puneet Agarwal",9837035708,nitinparthagarwal@gmail.com
"Uttar Pradesh",Ghaziabad,"Neelkanth Steel &amp; Alloys","E-45, Bulandshahr Industrial Area Road, Ghaziabad- 201001","Mr. Rajat Bansal",9811022458,rajat.bansal@vikrantgroup.in
"Uttar Pradesh",Kanpur,"Kishan Lal Pawan Kumar Jain (KLPK)","113/4 Plot NO.C/D Swaroop Nagar Kanpur-208002","Mr. Ajai Jain",9307535601,kpjkanpurin@hotmail.com
"Uttar Pradesh",Agra,"Bansal Wood Décor","21/18, Freeganj, Agra-282004","Nidhi Bansal",9837027055,bansalvikas74@gmail.com
"Uttar Pradesh",VARANASI,"Shri Aditi Enterprise Pvt Ltd","usarpurwa,   Shivpur by pass, below tarna flyover, NH 31,   Babatpur road , Shivpur,   VARANASI -221003.","G P Singh",8452074669,shriaditi08@gmail.com
"Uttar Pradesh",VARANASI,"PRADEEP STEELS","C 30/35-C 2 LOHAMANDI MALDHIYA VARANASI   PIN - 221002","PRADEEP AGRAHARI",9839093699,
"Uttar Pradesh",Kanpur,"Vorja interio pvt ltd","LIG 110, Barra 2 , kanpur , Uttar Pradesh.  Pin code 208027","Mr Vikas sharma",8896778899,
"Uttar Pradesh","Ambedkar Nagar","Vasundhara Enterprises","Near Police Line,  Akbarpur, Ambedkar Nagar,  Uttar Pradesh Pin - 224122   Mob 9889863733","Mr Akliesh gupta ",9889863733,akg9786spg@gmail.com
"Uttar Pradesh",Basti,"Chaudhary Building Materials","Station Road Basti, Uttar Pradesh - 272002","Mr. Phoolchand Chaudhary",9415037462,pc.chaudhary14@gmail.com
"Uttar Pradesh",Etawah,"Luthra Steel traders","Ashok Nagar, Etawah, Uttar Pradesh -206001","Mr. Rishabh Luthra",9412185658,
"Uttar Pradesh",Pratapgarh,"Mangraura Cement Agency","Kohandaur Bazar, Pratapgarh, Uttar Pradesh - 230401","Mr. Nijamuddin",9918544322,
"Uttar Pradesh",Kushinagar,"Meraj Traders","Padrauna Road, Kasya, Kushinagar, Uttar Pradesh -274303","Mr. Meraj Ahmad",9838266369,
"Uttar Pradesh",Bareilly,"Shri Ganesh Steels","Pashupati Vihar Colony, Pilibhit By Pass Road, University road Bareilly - 243005","Mr. Amal Aggarwal",9911957866,amal.agrwl@gmail.com
"Uttar Pradesh",Muzaffarnagar,"Shri Radha Vallabh Traders","HO-15 State Bank Colony, Jansath Road, Muzaffarnagar - 251001","Mr. Sachin Goel",9149182615,sachingoel.sd@gmail.com
"Uttar Pradesh",Bilsanda,"Shri Ram Cement Agency","10 House no-17 Mohalla Hathikhana, Bilsanda, Pilibhit - 262202","Mr. Harshit Gupta",7302401452,harshitgupta3297@gmail.com
"Uttar Pradesh",Ghaziabad,"Radha Krishna Traders","Building No-406, Hari Complex, Nand gram road, ghaziabad - 201001","Anil Singh",9810815184,radhakrishna.pravesh@gmail.com
"Uttar Pradesh",Prayagraj,"K P Jaiswal Cement Agency","Address- 23/ 47/ 101, Kidwai Nagar Labour Chauraha,Near SBI Bank Allahpur, Prayagraj, Uttar Pradesh- 211006","Ashutosh Jaiswal",9473626765/9453010714,Ashutoshjaiswal1@gmail.com
"Uttar Pradesh",Prayagraj,"Shiv Ram Kesarwani","Mansoorabad, Prayagraj (UP)-228411","Rahul Kesarwani",9919656523/7355054704,rahulkesarwani53@gmail.com
"Uttar Pradesh",DEORIA,"Meeraj Traders","Kasada Chowk,Kasia Bazar(UP)-274402","Meraj Alam",9519235742/7800621753,merajtraders786@gmail.com
"Uttar Pradesh",Varanasi,"Sri jagadamba Cement Store","B30/2-A-5 Pandit Madan Mohan Malviya Marg,Assi Road near Ravidas gate,Lanka, Varanasi-221005",Deepak,6390909358,adavrajkumar4142@gmail.com
"Uttar Pradesh",Lucknow,"Narayan Trders","Bappa complex, Shop No.2, Ahimamau Opposite Best Price, near Janta Dhaba Lucknow 226002 ","Mr-Sarwesh Mishra","8400274383/ 9125635027",narayantradersdw@gmail.com
"Uttar Pradesh",Banda,"Payodhi Enterprises","H.no 15 sarvodaya nagar chilla road Banda","Prajjwal rasinia ",8840304085,prajjwalrasinia9454@gmail.com
"Uttar Pradesh",Chitrakut,"Payodhi Enterprises","Bedi puliya chowk opposit HP petrol pump Chitrakoot dham karwi","Mayank rasinia ",7836810117,Mayankrasinia@gmail.com
"Uttar Pradesh",Barabanki,"Chandu Rolling Shutter","Malgodam Road Barabanki","Chandra Prakash Singh",7376058993/9628459239,chadurollingshutter20@gmail.com/www.chandurollingshutter.in
"Uttar Pradesh",Basti,"Chaudhary Building Materia","Station Road , Basti Khas, Basti","Mr. Phoolchand",9415037462,pc.chaudhary14@gmail.com
"Uttar Pradesh",Mathura,"Naman Enterprises","Radhika Vihar, Sonkh Road , Mandir chauraha,Mathura","Mr. Ajay Singh",9997052999,shivatraders555@gmail.com
"Uttar Pradesh",Prayagraj,"K P Jaiswal Cement Agency","23/46/101,kidwai nagar labour chouraha,Beside SBI Bank","Mr. Ashutosh jaiswal",9453010714,ashutoshjaiswal1@gmail.com
"Uttar Pradesh",Aligarh,"Surendra Kr. Ratan Kr.","Near Sasni Gate Chauraha, Agra Road, Aligarh,Rawat hospital","Mr.Tarun Kumar",9837290071,tata_tiscon2009@rediffmail.com
"Uttar Pradesh",Aligarh,"M/s Hari Shankar Agarwal","13/05, Mammu Bhanja Road, Aligarh,","Mr. hari Shankar agarwal",9927065001,gaurkesh@gmail.com
"Uttar Pradesh",Noida,"SJN Manufacturing and Services Pvt Ltd","B-10, Upper Ground Floor, Tower-4, NX ONE, Greater Noida West,","Mr. Prasant kumar mishra",9962570257,pkmishras@jngroup.co.in
"Uttar Pradesh",Bijnor,"True Mason Pvt Ltd","Bairaj Road, Shakti Nagar, Bijnor,",,9651622917,
"Uttar Pradesh",Bareilly,"The Kings Door","01, Choti Vihar, Near Dainik Jagran Press, Bareilly,,",,9761462029,
"Uttar Pradesh",Ghaziabad,"Rajat BansaNeelkanth Steel &amp; Alloysl","E-45, Bulandshahr Industrial Area Road, Ghaziabad- 201001 Ghaziabad Uttar Pradesh 201001","Rajat Bansal",9811022458,NULL
"Uttar Pradesh",Pratapgarh,"M/S NARAYAN TRADERS","E-462 SEC-I, , LDA COLONY, Lalganj Ajhara Pratapgarh Uttar Pradesh 230132","Ravi  Dubey",8115111160,NULL
"Uttar Pradesh",Gorakhpur,"M/S Divya Enterprises","Ranidiha, Near Engg. College-273010 Gorakhpur Uttar Pradesh 273010","Devendra Singh",9415212648,divya.enterprisesgkp@gmail.com
Uttarakhand,Dehradun,"Kwality Hardware","Gandhi Road, Near Tehsil Chowk, Dehradun-248001","Sunil Goyal",9837052720,kwalityddn@yahoo.com
Uttarakhand,"Udham Singh Nagar","Ganpati Steel","Near Vim Square, Kichha Road, Rudarpur-248197","Chetan Khurana",9639233000,"Shriganpatisteels@gmail.com "
Uttarakhand,Dehradun,"Ex Serviceman Cement Store","Garhi Cantonment, Garhi Cantt, Dehradun, Uttarakhand 248003","Sanjay Kumar",9412056592,ex.scstore@gmail.com
Uttarakhand,Dehradun,"Aadinath Steel","Officer's Avenue, Milan Vihar, G.M.S Raod, Dehradun-248001","Mr. Ajeet Jain","8439075908, 9412051365",aadinathenterprises35@gmail.com
"West Bengal","North 24 Paraganas","Popular Steel Enterprise (Rajarhat)","Rajarhat Road, Bablatala, Rajarhat Gaopalpur, Kolkata-700136, Opp- Derozio Memorial College.","Tinku Jaiswal","9433014134/ 9836903788",popularsteel@gmail.com
"West Bengal",Hooghly,"Builders &amp; Traders","Subhash Pally (South), Dankuni, Hooghly - 712406","Raju Shaw",9230529557,rajkrshawsca@gmail.com
"West Bengal",Hooghly,"Padha Builders","Ratanpur, Singur, Hooghly - 711409","Bilas Padha",9433074096,bilaspadha2013@gmail.com
"West Bengal",Hooghly,"Bhowal Enterprsie","47 New Park, Bandel, Hooghly - 712123","Swapan Bhowal",9830186262,bhowaltrading@rediffmail.com
"West Bengal",Howrah,"Laxmi Narayan Stores","Borgachiya, Howrah - 712410","Dibyendu Mallick",9830269922,deepranjanmullick.90@gmail.com
"West Bengal",Howrah,"Maharaj Udyog","Vill - Gayeshpur, P.O - Baluhati, Howrah - 711405","Subhasis Halder",9837686797,moharaj_udyog70@yahoo.com
"West Bengal",Howrah,"Lakshmi Narayan Construction","Vill - Nimabaliya, P.O - Garbaliya, P.S - Javatballavpur, Howrah - 711410","Barun Sasmal ",9831157359,barunsasmal6@gmail.com
"West Bengal",Howrah,"Pakija Enterprise","1 No Moukhali, Jagacha, Howrah - 711112","Hafijul Mondal",9831615132,pakijaenterprise@gmail.com
"West Bengal",Howrah,"Steel N Trades","29/1 Sarat Chatterjee Road,Howrah - 711104","Goutam Shaw",9830195279,"steelsandtrades@yahoo.co.in "
"West Bengal",Hooghly,"Dey Builders","36, Nabakrishna Guine Lane, Srirampur, Hooghly - 712201","Sumonto Dey",8336076439,deygroup7@gmail.com
"West Bengal",Hooghly,Sandipan,"93 Sarat Chatterjee Road, Howrah - 711102","Jaidev Das",9831064799,sandipan_godrej@rediffmail.com
"West Bengal",Hooghly,"Ganesh Trading","200 No Panchanantala road, Howrah - 711101","Rajani Jaswal",9433040000,"ganeshtrading4142@gmail.com "
"West Bengal",Hooghly,"Olees Creation ","Thakuranichak, Abaynagar 2, P.O-Samabaypally, Bally, Howrah - 711205","Asim Saha",9830726977,ashim.sahaa29@gmail.com
"West Bengal",Hooghly,Nirman,"Mukta Abasan, Front Side Road, Chinsura Station, Hooghly - 712102","Sanjay Roy",9874235643,roysanjoy1960@gmail.com
"West Bengal",Howrah,"Mondal Steel","Vill &amp; PO - Anandanagar, PS - Nischinda, Howrah - 711227","Tapas Mondal",9143243055,mtapas660@gmail.com
"West Bengal","24 PGS(N)","Hindusthan Hardware","M.M Ghosh Road, Krishnanagar, Nadia - 741101","Tanushree Ghosh",9233338577,hindusthan.hardware@yahoo.com
"West Bengal","24 PGS(N)","Anuradha Cement","Rathtala Fish Market, Ranaghat, Nadia - 741201 ","Avishek Pramanik",9434165613,anuradhacementandhardware@gmail.com
"West Bengal","24 PGS(N)","N C NANDY","Bagmore, Kanchrapara, 
North 24pgs,743145","Debabrata Nandy",9748958687,debabratanandy.63@rediffmail.com
"West Bengal","24 PGS(N)",Nirman,"141, Jashore Road, Hattubha, North 24pgs - 743269","Anup Ghosh",9434159855,nirman_anup11@rediffmail.com
"West Bengal","East &amp; West Midnapur",Shivam,"Kishorenagar, Contai,
West Midnapur
Pin - 721401","Jitrandra Nath Bera","9733668266
9474973914","jitendranathbera@gmail.com "
"West Bengal","East &amp; West Midnapur","Bablu Ch Samanta","Attberia, Harijhama, Uttar Mechogram, Panskura, West Midnapur - 721139","Bablu Ch Samanta",9635238222,bablucharansamanta.15@gmail.com
"West Bengal","East &amp; West Midnapur","Panda Enterprise","Manicktala, Tamluk, West Midnapur - 721627","Debabrata Panda",7384253647,pandadebabrata251@gmail.com
"West Bengal",Darjeeling,"Joy Benny","Gossainpur, Bagdogra Dist- Darjeeling, Pin - 734014","Arun Kr Sharma",9832031301,joybenitrading@gmail.com
"West Bengal",Darjeeling,"S.K Enterprise","Champasari More, Siliguri - 734003","Santosh Gupta",9832093909,skenterprisestt.slg@gmail.com
"West Bengal",Darjeeling,"Ujjal Trading co","Rabindra Nagar More, Siliguri - 734005","Ujjal Saha",9609845998,ujjaltrading12@gmail.com/dipankardev2018@gmail.com
"West Bengal",Darjeeling,"Geeta Enterprises","Ghogomali Main Road, Ward-36, Near Ashighar More, Siliguri - 734006","Biswanath Banik",9832018628,geetaenterprise.slg@gmail.com
"West Bengal","Uttar Dinajpur","Bikram Sharma","Near Telephone Exchange, South Sudarshanpur, Raiganj - 733134","Dhruba Joshi",9635837193,dhrubaxyz@gmail.com
"West Bengal","Uttar Dinajpur","Saha Enterprises","Birnagar, Raiganj , West Bengal - 733134","Rajkumar Saha",9434744236,sahaenterprise.raju@gmail.com
"West Bengal","Cooch Behar","Coochbehar Store","Nripendra Narayan Road, Coochbehar - 736101","Ranajay Banik",9434028743,cobstr@rediffmail.com
"West Bengal","Cooch Behar","East Bengal Hardware","Nripendra Narayan Road, Coochbehar - 736101","Dhananjay Roy",9434059867,prasZ_roy19@yahoo.co.in
"West Bengal","Cooch Behar","Guha Construction","Guriahati Road, Coochbehar, Pin - 736101","Mithun Guha",9434117125,gh.mithun@gmail.com
"West Bengal","Cooch Behar","Kishore Steel","Dr. BC Roy Road , Dinhata , Coochbehar - 736135","Pradip Banik",9434057275,kishoresteeldht@gmail.com
"West Bengal","Cooch Behar","Swarupananda Harware stores","Gosani Road, PO-Dinhata, Coochbehar - 736135","Samarpan Saha",9434155287,drsamarpansaha@gmaail.com
"West Bengal",Barddhaman(E),"Leonard Agency Pvt. Ltd.","Bhanga Kuthi, GT road, Opp. Life Line Nurshing Home, Bardhaman(E)","Tirtha Dawn",8373049027,leonard.agency@gmail.com
"West Bengal",Bankura,"Mondal Associates ","Katjuridanga, Bankura-722101, Near HDFC Bank","Indrajit Mandal",9531571938,skmondal.bankura@gmail.com
"West Bengal",Birbhum,"Krishnakali Hardware","Bolpur, Rabindra Bithi Bye-pass More, Birbhum - 731204","Purab Ghosh",8250751928,purabkghosh@gmail.com
"West Bengal",Purulia,"Mishra Hardware","Jhalda Anand Bajar, New Bagmundi Road .P.O- Jhalda - 723202","Mr. Rajendar Mishra",8016600909,mraju3179@gmail.com
"West Bengal","West Burdwan","New B. D Hardware","Assansole, NNR Sarani, Natun Para - 713301 ","Jibaqn Roy",9474485785,newbd785@gmail.com
"West Bengal",Bankura,"Jit Enterprise","Rabindra Sarani, Bankura -722101","Sarbojit Kundu",9732012123,sarkarsanjays@yahoo.com
"West Bengal",Bardhaman,"Shri Ram Multicom","61/29/N3, N.S.B Road, Raniganj, Bardhaman, West Bengal,713347","Mr. Umang Dokania",9749110933,umang@udgroups.com
"West Bengal",Maldah,"GL Kundu Sons Steel Pvt. Ltd. ","S. M Pally, NH-34, Malda - 732101 ","Ms. Sanjukta Kundu",7639811572,kundu_sanjukta@yahoo.com
"West Bengal",Kolkata,"Paul &amp; Company Steel Merchants Pvt. Ltd.","406/N, Ho Chi Minh Sarani, Shakuntala Park, Kolkata- 700 061.","Mr. Suvajit Paul",9073394211/974888737,suvajitpaul@pcsm.in
"West Bengal",Kolkata,"R.G. Paul Pvt. Ltd.","1C, Sopan Niket, 14 a, Raja Ram Mohan Roy Road, Behala Chowrasta, Kolkata- 700008","Mr. Amit Jyoti Paul",9874732271,amit.rgpaul@gmail.com
"West bengal",Alipurduar,"Baba Lokenath enterprise","Post.Bholardabri.,Dist.... Alipurduar","Mr. Hementa kisor putatunda",9832311789,babalokenath.apd@gmail.com
"West Bengal","Uttar Dinajpur","M/S SHIVA HARDWARE STORES","Islampur Uttar Dinajpur West Bengal 733202","Dhananjay Mandal",9434426303,shivahardware.isp@gmail.com
Rajasthan,Bikaner,"Shri Avdhut Steel","Near Tanwar Std. ,Nokha Road , Near Old Bus Stand , Gangashahar , Bikaner - 334001","Naveer Gahlot",9001781256,naveengahlot4122@gmail.com
Rajasthan,Jaipur,"Rajasthan Iron Traders","Plot No 149 , Officer Campus Colony , Sirsi Road, Panchyawala, Jaipur - 302012","Ajay kumawat",9784633043,rajasthanirondraders962@gmail.com
Rajasthan,Ajmer,"Padam Ispat","Opposite Bus Stand , Nasirabad Road , Adarsh Nagar , Ajmer - 305001","Praveen jain",9414006631,
Rajasthan,Beawar,"Manish Metal Works","Ganeshpura ,Tagari Factory , Beawar - 305901","Ajay Heda",9414009722,aish_bwr1987@redffmail.com
Rajasthan,Hanumangarh,"Shakti Iron Store","Plot No. 83 , Sector 12 , Near Valmiki Chowk , Hanumangrah Junction - 335513","Ritesh Jindal",8209584328,riteshjindal1@gmail.com
Rajasthan,Jaipur,"Shree Hanuman Intear","Plot No 70/30 , Shiv Colony , Jhalana Doongri , Jaipur - 302004","Vijay Kumar Jajra",8290283641,vijaykumarjajra8290@gmail.com
Rajasthan,Chittorgarh,"Khamora and Company","Plot No. 4 , Bhilwara Road , RIICO Industrial Area , Chittorgarh - 312001","Gagan Khamora",9829779285,Khamora@redifmail.com
Rajasthan,Alwar,"V. K. Enterprises","Aerodrome Road , Near Over Bridge , Lajpat Nagar , Alwar - 301001","Niranjan lal",9414893169,niranjanlalgupta1959@gmail.com
Rajasthan,Jodhpur,"Sunder Place","Plot No. 174 , Vijay Raje Nagar , Behind Indiabulls Mall , Jodhpur - 342003","Mangilal Bishnoi",9928126341,
Rajasthan,Udaipur,"Royal Fabricators","Sector-4 , Main Road , Opp Swagat Vatika , Udaipur - 313001","Rajveer Ajaria",9799119320,royalfabricators007@gmail.com
Rajasthan,Jodhpur,"Shree Shyam Home Decor","Jaisalmer Bypass Rd, Near Umrao Khan Petrol Pump, Gopal Bari, Jodhpur - 342001","Saurabh Sharma",9509073778,shreeshyamhd@gmail.com
"Tamil Nadu",Erode,"Foursquare Fenestrattion","95, Sangu Nagar Main Road, Palayapalayam, Erode 638011","Nandhakhumar MV",9600996002,foursquarefabworks@gmail.com
"Tamil Nadu",Salem,"Indo steel company","2/5-1,Namakkal bye pass road, Amani kondalampatti, Salem - 636010","Syed Mohammed",8248508105,indosteel786@gmail.com
"Tamil Nadu",Coimbatore,"Lakshmi Ceeramics","21 Cowley Brown Road, RS Puram, Coimbatore 641002","Ramasamy S",9655170955,rm.tata@lakshmiceramics.in
"Tamil Nadu",Coimbatore,"Lakshmi Ceeramics","321, Mettupalayam Road,Opp. Murugan Mills, Coimbatore 641043","Ramasamy S",9655170955,rm.tata@lakshmiceramics.in
"Tamil Nadu",Coimbatore,"Lakshmi Ceeramics","2254, Trichy Road, Singanallur, Coimbatore 641005","Ramasamy S",9655170955,rm.tata@lakshmiceramics.in
"Tamil Nadu",THANJAVUR,"FORTUNE HOMES","NO.7, SAFA COMPLEX, 1ST FLOOR, SELVAM NAGAR, MEDICAL COLLEGE ROAD, THANJAVUR - 613007","VIJAYA SARAVANAN V",9443482222,thefortunehomes@gmail.com
"Tamil Nadu",Kovilpatti,Madhura&amp;Co,"No.3/548 A, Nellai main Road, Inam maniyachi, Kovilpatti, Tuticorin dist = 628 502.","Mr. S.Ventakesh",9841692009,svkrudrame@gmail.com
"Tamil Nadu",Puducherry,"Dhanalakshmi Associates","No: 180/1, East Coast Rd, near Richy Rich Cafe, Maduvu Pet, Lawspet, Puducherry, 605008",Mr.Jayaraj,7338888838,tatapraveshpuducherry@gmail.com
"Tamil Nadu",Chennai,"DoorFurn Enterprises","No.13, Ground Floor 11, 12, 33rd Street, Thillaiganga Nagar, Nanganallur, Chennai, Tamil Nadu 600061","Mr.Syed Mohamed",8838928759,sales@doorfurn.in
"Tamil Nadu",Ramanathapuram,"ARN Steel Housing","No8/3, Lathems Bungalow Rd, Chalai Bazar, Ramanathapuram, Tamil Nadu 623501","A.Mohamed Yazeer",9842120367,arnsteelhouse@yahoo.co.in
"Tamil Nadu",Salem,"Jeeva Agencies","1/71,Annathanapatti Main Road,Salem, Tamil Nadu 636002",Mr.Jeeva,9894269918,jeeva.agencies@yahoo.com
Tamilnadu,Chennai,"Jaya Sai Enterprises","No.325B, 12th Main Road, Ram Nagar South Extn, Pallikaranai, Chennai -600100","Prashanth Gupta / R.Viswanathan","7010546722 / 9280085166",jayasaientps@gmail.com
Tamilnadu,Coimbatore,"Sai Granites And Tiles","S.F No:523/4, Sathy Road, Kurumbapalayam, Sskulam Coimbatore - 641107.",Mr.R.Yuvaraj,9943033000,admin@saigranites.net
Tamilnadu,Coimbatore,"Ra Ra Agency","No:10/1, Perur Bye Pass Road, South Ukkadam, Ukkadam(Near Abt Service Station)Coimbatore - 641001.",Mr.M.Rajiv,9787740004,raraagency64@gmail.com
"Tamil Nadu",Coimbatore,"Shree Balaji Fenestration","No 104,Ranganathapuram, Sulur Coimbatore-641402",Mr.Ravikumar,9489277330,shreebalajifenestration@gmail.com
Tamilnadu,Tirupur,"Raju &amp; Co","50-A, Ramaiya Colony, R.V Colony, P.N Road, Tirupur - 641602",Mr.R.P.Rajendran,9894499185,rajuandcotirupur@gmail.com
Tamilnadu,Coimbatore,"Jay Trading","1050, Mettupalayam Rd, R S Puram West, Coimbatore, Tamil Nadu 641002","Mr. Vijay Patel",9442643719,praveshtatacbe@gmail.com
Tamilnadu,Chennai,"Ethiraj Timbers Private Limited","Old # 162, New # 249, Sydenhams Road, Periamet, Chennai - 600003.","Ms.Sarala Giridhara Raj",9840158369,sales@ethirajtimbers.com
Tamilnadu,Chennai,"A.V.Tiles Company","No.55/1, Iyyappa Nagar, 200 Feet Road, Kolathur, Chennai - 600099.","Mr.L.D Thilak Lakshman Devaraj",9382518551,thilakldt@gmail.com
Tamilnadu,Madhurai,"Indian Steel Trading Corporation","39/18, West Masi Street, Madurai - 625001.","Mr.R.S.Sathish Kumar",9843174519,indiansathishi@gmail.com
Tamilnadu,Kanyakumari,"Vega Steels","301/3, KP Road, 1050, Parvathypuram, Nagercoil, Kanyakumari - 629003.","Mr. J.Ramshani",9495545722,unvsteel@gmail.com
Tamilnadu,Trichy,"Nmk Enterprises","77, Sub-Jail Road, Palakarai, Tiruchirappalli - 620008.","Mr.M.Asik Mohamed",9443125497,nmktry21@gmail.com
TamilNadu,Chennai,"Crown Engineering","18, A R St, Janaki Nagar, Alwartirunagar, Valasaravakkam, Chennai, Tamil Nadu 600087",Mr.Prakash,9952964048,crownengs@gmail.com
Tamilnadu,Theni,"Sri Palanikumar Steels","Periyakulam Main road,PKN Milk Street,Annalaxmi Hotel Back Side Theni,Pin code-625531","Pon Ganesh",9788749009,sripalanikumar.2010@gmail.com
Telangana,"Ranga Reddy","Horirizon  enterprises","Plot no 57 Main Road  beside SBI Bank ,Kakatiya Nager  ,Ramachandra Puram Hyderabad 502032","Haresheswar Reddy",8453007373/834802407,saleshorizonupvc@gmail.com
Jharkhand,Hazaribagh,"Kitchen Kingdom","Kitchen Kingdom, Veera Enclave, Bengali Colony, Bada Bazar Road, Hazaribagh, Jharkhand. Pin- 825301","Hitler Shahi",shahibabu2012@gmail.com,9229555255
Jharkhand,Giridih,"MAA TARA MARBLE AND PLY","Bengabad Road, Near Collage More, Sihodih Giridih, Jharkhand, Pin Code - 815312","Nilesh Ji",maataramarble01@gmail.com,9304002703
Bihar,Bhagalpur,"Vishal Enterprises","Zero mile petrol pump , infront of maurya jubilee colony, Jial Road, Bhagalpur","Bhupendra Kumar","9431471088	",vishalenterprisesbhagalpur@gmail.com
Kerala,Waynadu,"Trinity ventures","Building No-SBM 24/270 AS,Sulthan Bathery, Muncipal stadium junction,Wayanad,673592",,7907743131,trinityventure.in@gmail.com
Kerala,Trivandrum,AGPL,"TC 52/2682-1,ABHYUDHAYAM,KAIMANAM, Pappanamcode,Thiruvananthapuram, Kerala,India,695018",,9387831230,agpl@agaciroglobal.com
Kerala,Kollam,"Zain steel","Zains Steel,Pangalukadu , Kadakkal , Kollam,Pin-691536",,6282200332,zainsteels@gmail.com
Kerala,Palakkad,Viswaswindoors,"Nearby Landmark: Near South Police Station Locality/Sub Locality: Kunathurmedu  Palakkad-678013",,9497388321,viswaswindoors@gmail.com
Kerala,Kasaragod,"Malabar Agencies","Chittarikkal - Kunnumkai Rd, Chittarikkal, Kerala 671326",,9447286419,jollymalabar07@gmail.com
Kerala,Wayanad,Ecowood,"Building Number PP2/329A Koolivayal Cherukattur Waynadu 670721",,9895008063,ecowoodindia@gmail.com
Kerala,Kasaragod,"APP Experience centre","North Kottachery, Kanghgadu , Kasargodu 671315",,9037127273,appkanhangad999@gmail.com
"ANDHRA PRADESH",GUNTUR,"TENALI RAJA","NANDIVELUGU  pin code : 522306",RAJA,9177952613,smartinteriors303@gmail.com
"Andhra Pradesh",visakhaptnam,"MY home interiors","kotam setti complex beside canara bank,opp kinnera mess,sankarmatam road ,santhi puram, Visakhapatnam District, Andhra pradesh-530016","Mr. Kishore",939443333,sales@my-home.co.in
"Andhra Pradesh",kakinada,"Narshima agencies","9-1-52, near ideal college,indrapalem,Kakinada Andhra pradesh  pincode-533004",Ramesh,9492144555,rameshbabu.padala@gmail.com
"Andhra Pradesh","East godavari","Narshima agencies","D.no. 2-42-50/1.Ground floor,Opp Raithu Bazzar,ILTDjunction,Rajahmundry,Eastgodavari,Andhrapradesh .pincode-533101",Ramesh,7995996664,rameshbabu.padala@gmail.com
"Andhra Pradesh",Eluru,"Sri saradhi ","Dada pallav cneter, chinthal pudi road ,tanglamudi, Eluru ",B.vittal,9121188558,
"Andhra Pradesh",Prakasham,"Srinivasa enterprises"," SOUTH BYPASS ROAD, ONGOLE, Prakasam, Andhra Pradesh, 523001.",anil,,
Kerala,Palakkad,"SIDHARTH STEELS","No 645,646,647 & 649 Vaidyasala, Vadavannur PO, Palakkad, Kerala - 678504",Aravind,9747348373,sidharthpravesh@gmail.com
Kerala,Kollam,"Panackal Buildware","Lower Karickom, Opp. Reliance Petrol Pump, Kottarakkara, Pin: 691531",Rajan,9895428965,rajanpanackalktr@gmail.com
Kerala,Kozhikode,"Steel X","Opp. Chemmala Masjid, Ramanattukara , Calicut , Pin 673633","Abhiram Athul",8075153718,tatapraveshsteelx@gmail.com
Chhattisgarh,Raigarh,"Ns Décor","Ns Decor Kotra road bypass in front of Friends colony Raigarh Chattisgarh ",,7000398844,
Chhattisgarh,Bilaspur,"Variety Trading & Services ","Near Old Arpa Bridge Pratap Talkies Chowk,Tilak Nagar, Bilaspur C.G",,9770188800,
